<?xml version="1.0" encoding="UTF-8"?>
<project-private xmlns="http://www.netbeans.org/ns/project-private/1">
    <editor-bookmarks xmlns="http://www.netbeans.org/ns/editor-bookmarks/2" lastBookmarkId="0"/>
    <open-files xmlns="http://www.netbeans.org/ns/projectui-open-files/2">
        <group>
            <file>file:/C:/Users/duytr/OneDrive/Documents/NetBeansProjects/BTA/src/model/HocSinh.java</file>
            <file>file:/C:/Users/duytr/OneDrive/Documents/NetBeansProjects/BTA/src/control/Xuly.java</file>
            <file>file:/C:/Users/duytr/OneDrive/Documents/NetBeansProjects/BTA/src/model/Nguoi.java</file>
            <file>file:/C:/Users/duytr/OneDrive/Documents/NetBeansProjects/BTA/src/model/Lop.java</file>
            <file>file:/C:/Users/duytr/OneDrive/Documents/NetBeansProjects/BTA/src/model/GiaoVien.java</file>
        </group>
    </open-files>
</project-private>
